date,temp_avg,temp_min,temp_max,precipitation,condition,source
2024-01-01,-1.6,-4.8,2.5,9.8,Heavy Rain/Snow,synthetic
2024-01-02,-3.4,-6.0,2.1,0.0,Clear,synthetic
2024-01-03,-1.2,-6.3,4.1,6.0,Light Rain/Snow,synthetic
2024-01-04,1.3,-1.3,3.9,0.0,Cloudy,synthetic
2024-01-05,-3.6,-8.7,-0.6,0.0,Clear,synthetic
2024-01-06,-3.6,-7.7,-0.7,26.5,Heavy Rain/Snow,synthetic
2024-01-07,1.5,-3.8,6.2,0.1,Cloudy,synthetic
2024-01-08,-0.7,-5.6,4.2,0.0,Clear,synthetic
2024-01-09,-4.2,-9.7,-1.0,0.0,Clear,synthetic
2024-01-10,-1.3,-4.8,2.7,0.0,Clear,synthetic
2024-01-11,-4.1,-8.9,1.0,0.0,Clear,synthetic
2024-01-12,-4.0,-7.7,0.7,0.0,Clear,synthetic
2024-01-13,-2.0,-5.9,2.1,0.3,Clear,synthetic
2024-01-14,-8.0,-12.4,-3.7,0.0,Clear,synthetic
2024-01-15,-7.4,-12.5,-3.4,0.0,Clear,synthetic
2024-01-16,-4.1,-9.5,-0.7,0.0,Cloudy,synthetic
2024-01-17,-5.3,-10.1,-1.1,0.0,Clear,synthetic
2024-01-18,-1.5,-5.3,3.1,0.0,Cloudy,synthetic
2024-01-19,-4.9,-8.6,0.3,0.0,Clear,synthetic
2024-01-20,-6.2,-10.9,-1.8,0.0,Cloudy,synthetic
2024-01-21,1.9,-1.3,6.7,0.0,Cloudy,synthetic
2024-01-22,-2.7,-5.5,0.3,0.0,Clear,synthetic
2024-01-23,-1.8,-5.4,2.1,1.1,Clear,synthetic
2024-01-24,-5.9,-9.3,-3.4,1.2,Cloudy,synthetic
2024-01-25,-3.3,-6.7,-0.1,0.0,Cloudy,synthetic
2024-01-26,-1.4,-4.6,3.3,0.0,Clear,synthetic
2024-01-27,-4.8,-7.5,0.6,0.5,Clear,synthetic
2024-01-28,-0.5,-3.0,2.3,0.8,Cloudy,synthetic
2024-01-29,-3.1,-8.6,0.6,0.7,Cloudy,synthetic
2024-01-30,-2.1,-5.9,2.8,16.3,Heavy Rain/Snow,synthetic
2024-01-31,-2.9,-6.5,0.2,0.0,Clear,synthetic
2024-02-01,4.1,-0.4,8.3,0.0,Cloudy,synthetic
2024-02-02,-1.0,-4.2,3.7,0.0,Clear,synthetic
2024-02-03,-3.8,-9.1,0.6,0.0,Clear,synthetic
2024-02-04,1.6,-3.3,4.7,7.2,Light Rain/Snow,synthetic
2024-02-05,-4.0,-6.8,-0.4,1.8,Light Rain/Snow,synthetic
2024-02-06,0.1,-3.6,5.0,0.0,Clear,synthetic
2024-02-07,-5.8,-10.9,-1.6,0.0,Cloudy,synthetic
2024-02-08,-3.9,-9.2,-1.4,0.0,Clear,synthetic
2024-02-09,0.5,-3.4,5.3,1.3,Clear,synthetic
2024-02-10,2.2,-2.2,4.8,0.0,Clear,synthetic
2024-02-11,0.7,-2.3,5.5,0.0,Clear,synthetic
2024-02-12,0.1,-5.4,3.2,0.0,Clear,synthetic
2024-02-13,-0.3,-3.5,5.1,0.0,Clear,synthetic
2024-02-14,-3.4,-8.8,0.2,0.0,Clear,synthetic
2024-02-15,-1.1,-5.6,2.3,0.0,Clear,synthetic
2024-02-16,-0.3,-4.6,2.7,1.9,Light Rain/Snow,synthetic
2024-02-17,4.2,0.1,7.6,9.0,Heavy Rain/Snow,synthetic
2024-02-18,2.3,-0.9,7.4,0.8,Clear,synthetic
2024-02-19,-3.4,-6.4,2.1,0.0,Clear,synthetic
2024-02-20,2.6,-0.6,6.2,0.0,Cloudy,synthetic
2024-02-21,0.8,-2.3,4.6,0.0,Clear,synthetic
2024-02-22,0.2,-4.7,4.8,3.7,Light Rain/Snow,synthetic
2024-02-23,3.9,0.4,9.1,0.0,Clear,synthetic
2024-02-24,5.3,2.6,9.6,0.0,Cloudy,synthetic
2024-02-25,5.2,-0.2,8.9,0.0,Cloudy,synthetic
2024-02-26,0.4,-4.7,4.2,0.0,Clear,synthetic
2024-02-27,2.1,-3.2,6.7,0.0,Clear,synthetic
2024-02-28,4.1,-1.4,6.6,0.0,Clear,synthetic
2024-02-29,6.1,3.0,10.4,1.4,Cloudy,synthetic
2024-03-01,2.2,-1.5,5.8,0.0,Clear,synthetic
2024-03-02,3.2,-1.6,8.1,0.4,Cloudy,synthetic
2024-03-03,0.8,-3.8,3.6,2.8,Light Rain/Snow,synthetic
2024-03-04,0.8,-2.2,5.0,1.6,Light Rain/Snow,synthetic
2024-03-05,6.6,1.7,10.5,0.0,Clear,synthetic
2024-03-06,8.3,5.1,12.8,0.0,Cloudy,synthetic
2024-03-07,4.5,1.4,7.2,0.0,Cloudy,synthetic
2024-03-08,7.7,3.6,12.0,2.8,Light Rain/Snow,synthetic
2024-03-09,6.2,1.9,10.3,0.0,Cloudy,synthetic
2024-03-10,3.5,-0.7,7.7,0.0,Cloudy,synthetic
2024-03-11,6.6,3.8,10.9,0.0,Cloudy,synthetic
2024-03-12,10.1,4.9,14.6,0.0,Cloudy,synthetic
2024-03-13,5.9,2.6,10.8,8.9,Heavy Rain/Snow,synthetic
2024-03-14,10.6,7.7,13.9,0.0,Clear,synthetic
2024-03-15,-0.9,-6.1,4.1,0.0,Clear,synthetic
2024-03-16,8.9,3.6,12.9,8.2,Heavy Rain/Snow,synthetic
2024-03-17,7.1,2.0,9.8,0.0,Cloudy,synthetic
2024-03-18,6.2,1.3,8.9,0.0,Clear,synthetic
2024-03-19,7.5,3.1,11.0,0.0,Cloudy,synthetic
2024-03-20,1.9,-2.2,6.8,1.0,Clear,synthetic
2024-03-21,7.1,4.3,11.7,3.0,Light Rain/Snow,synthetic
2024-03-22,8.9,5.2,13.8,6.1,Light Rain/Snow,synthetic
2024-03-23,12.3,8.7,16.3,0.0,Cloudy,synthetic
2024-03-24,6.9,3.7,10.8,0.0,Cloudy,synthetic
2024-03-25,6.3,1.7,9.3,8.2,Heavy Rain/Snow,synthetic
2024-03-26,7.4,3.4,10.9,0.0,Clear,synthetic
2024-03-27,11.6,8.9,15.4,0.0,Clear,synthetic
2024-03-28,10.2,7.0,13.0,2.4,Light Rain/Snow,synthetic
2024-03-29,8.0,3.5,11.2,0.0,Clear,synthetic
2024-03-30,11.2,8.4,15.5,0.0,Clear,synthetic
2024-03-31,10.2,5.2,14.9,6.5,Light Rain/Snow,synthetic
2024-04-01,12.9,8.9,18.4,0.6,Clear,synthetic
2024-04-02,8.4,4.5,13.7,0.0,Cloudy,synthetic
2024-04-03,9.7,5.4,14.1,0.0,Cloudy,synthetic
2024-04-04,9.7,4.8,13.5,0.0,Cloudy,synthetic
2024-04-05,7.0,3.4,11.4,0.0,Cloudy,synthetic
2024-04-06,12.1,7.6,17.0,3.9,Light Rain/Snow,synthetic
2024-04-07,12.2,8.0,15.1,3.0,Light Rain/Snow,synthetic
2024-04-08,11.7,8.4,15.5,0.0,Clear,synthetic
2024-04-09,11.3,6.2,16.3,1.2,Clear,synthetic
2024-04-10,8.2,3.3,11.9,3.6,Light Rain/Snow,synthetic
2024-04-11,11.2,6.7,15.4,0.0,Cloudy,synthetic
2024-04-12,11.7,6.6,15.9,0.0,Clear,synthetic
2024-04-13,10.6,5.5,13.6,0.0,Clear,synthetic
2024-04-14,12.6,8.0,16.2,0.0,Cloudy,synthetic
2024-04-15,14.4,9.4,17.9,0.9,Cloudy,synthetic
2024-04-16,18.8,14.2,21.3,0.0,Cloudy,synthetic
2024-04-17,14.2,9.6,16.8,1.1,Cloudy,synthetic
2024-04-18,14.6,10.3,19.6,0.0,Cloudy,synthetic
2024-04-19,13.9,9.2,17.2,0.0,Clear,synthetic
2024-04-20,9.0,6.0,13.0,0.0,Cloudy,synthetic
2024-04-21,14.5,9.3,17.9,0.0,Cloudy,synthetic
2024-04-22,14.9,9.8,20.2,0.0,Clear,synthetic
2024-04-23,21.9,19.3,25.1,3.8,Light Rain/Snow,synthetic
2024-04-24,14.6,9.7,18.4,0.0,Clear,synthetic
2024-04-25,16.2,13.3,21.3,0.0,Clear,synthetic
2024-04-26,15.5,12.0,20.5,7.2,Light Rain/Snow,synthetic
2024-04-27,12.5,7.8,15.6,0.0,Cloudy,synthetic
2024-04-28,19.2,16.2,24.1,0.0,Cloudy,synthetic
2024-04-29,18.3,13.3,22.2,3.7,Light Rain/Snow,synthetic
2024-04-30,18.6,13.6,22.5,0.0,Clear,synthetic
2024-05-01,14.0,10.0,16.9,0.0,Cloudy,synthetic
2024-05-02,20.7,18.2,23.4,0.0,Cloudy,synthetic
2024-05-03,13.0,9.7,17.7,0.0,Clear,synthetic
2024-05-04,18.8,14.4,22.8,0.0,Clear,synthetic
2024-05-05,23.5,18.0,27.3,0.0,Clear,synthetic
2024-05-06,14.7,10.3,19.4,0.0,Clear,synthetic
2024-05-07,16.1,12.8,20.9,1.3,Clear,synthetic
2024-05-08,18.1,13.7,21.1,0.0,Cloudy,synthetic
2024-05-09,16.6,12.5,21.0,0.0,Cloudy,synthetic
2024-05-10,13.9,9.0,16.8,9.2,Heavy Rain/Snow,synthetic
2024-05-11,18.6,15.8,23.3,0.0,Cloudy,synthetic
2024-05-12,15.6,10.8,20.1,0.0,Cloudy,synthetic
2024-05-13,20.1,15.9,25.4,6.2,Light Rain/Snow,synthetic
2024-05-14,16.3,10.9,19.0,0.0,Clear,synthetic
2024-05-15,23.4,19.9,26.1,0.0,Clear,synthetic
2024-05-16,17.0,12.6,20.4,0.0,Clear,synthetic
2024-05-17,18.5,13.2,21.8,0.4,Cloudy,synthetic
2024-05-18,21.8,19.0,25.0,3.0,Light Rain/Snow,synthetic
2024-05-19,16.2,10.9,21.4,0.0,Cloudy,synthetic
2024-05-20,20.5,15.9,23.7,0.0,Cloudy,synthetic
2024-05-21,23.6,20.9,26.9,1.6,Light Rain/Snow,synthetic
2024-05-22,15.6,12.2,20.4,0.0,Cloudy,synthetic
2024-05-23,20.8,16.1,24.6,1.2,Cloudy,synthetic
2024-05-24,21.1,18.4,25.9,0.0,Clear,synthetic
2024-05-25,22.7,18.5,25.4,0.0,Clear,synthetic
2024-05-26,17.2,13.6,21.1,0.0,Clear,synthetic
2024-05-27,17.1,12.7,19.7,6.4,Light Rain/Snow,synthetic
2024-05-28,22.4,19.7,25.0,0.0,Clear,synthetic
2024-05-29,21.8,16.7,27.1,3.0,Light Rain/Snow,synthetic
2024-05-30,21.8,16.4,24.8,0.0,Clear,synthetic
2024-05-31,22.2,16.8,26.3,0.0,Cloudy,synthetic
2024-06-01,19.5,14.7,23.2,34.8,Heavy Rain/Snow,synthetic
2024-06-02,22.1,19.2,25.7,6.6,Light Rain/Snow,synthetic
2024-06-03,22.4,17.6,27.6,0.0,Cloudy,synthetic
2024-06-04,19.7,17.1,22.2,0.0,Cloudy,synthetic
2024-06-05,27.0,24.4,31.5,0.0,Clear,synthetic
2024-06-06,23.2,19.7,28.6,0.1,Clear,synthetic
2024-06-07,18.6,14.6,22.8,0.0,Cloudy,synthetic
2024-06-08,23.9,19.1,29.2,0.0,Clear,synthetic
2024-06-09,19.4,14.8,22.0,0.0,Clear,synthetic
2024-06-10,24.4,20.6,28.2,0.0,Cloudy,synthetic
2024-06-11,25.5,22.2,28.8,0.0,Cloudy,synthetic
2024-06-12,20.0,14.6,24.7,0.0,Clear,synthetic
2024-06-13,25.1,21.3,30.6,0.0,Clear,synthetic
2024-06-14,23.6,19.8,26.9,0.0,Cloudy,synthetic
2024-06-15,24.8,21.9,29.3,0.0,Clear,synthetic
2024-06-16,27.9,23.0,31.0,3.6,Light Rain/Snow,synthetic
2024-06-17,22.0,17.4,26.2,0.0,Cloudy,synthetic
2024-06-18,20.6,17.4,24.5,0.0,Clear,synthetic
2024-06-19,20.3,17.5,25.7,0.0,Clear,synthetic
2024-06-20,20.5,16.0,24.8,0.1,Clear,synthetic
2024-06-21,22.6,18.1,26.2,2.7,Light Rain/Snow,synthetic
2024-06-22,23.8,20.5,26.7,0.0,Clear,synthetic
2024-06-23,23.7,18.3,26.6,0.2,Clear,synthetic
2024-06-24,25.2,22.3,28.4,0.0,Clear,synthetic
2024-06-25,23.0,19.2,26.2,0.5,Cloudy,synthetic
2024-06-26,27.0,21.7,32.1,4.2,Light Rain/Snow,synthetic
2024-06-27,22.2,18.5,26.4,1.5,Clear,synthetic
2024-06-28,30.6,26.2,34.7,0.9,Cloudy,synthetic
2024-06-29,24.7,21.1,27.6,0.0,Clear,synthetic
2024-06-30,20.6,17.3,25.7,7.3,Light Rain/Snow,synthetic
2024-07-01,20.0,14.5,24.7,0.0,Clear,synthetic
2024-07-02,24.3,20.6,27.0,0.0,Clear,synthetic
2024-07-03,22.4,17.2,27.0,0.0,Clear,synthetic
2024-07-04,25.0,21.8,29.1,0.0,Clear,synthetic
2024-07-05,24.3,21.1,27.0,0.0,Cloudy,synthetic
2024-07-06,22.7,20.1,26.6,0.0,Clear,synthetic
2024-07-07,20.5,16.1,24.5,3.8,Light Rain/Snow,synthetic
2024-07-08,18.7,15.0,21.6,0.0,Cloudy,synthetic
2024-07-09,21.6,16.5,26.9,0.0,Cloudy,synthetic
2024-07-10,25.2,21.3,30.3,0.0,Cloudy,synthetic
2024-07-11,23.4,18.0,27.9,0.0,Clear,synthetic
2024-07-12,19.3,16.2,23.1,0.0,Clear,synthetic
2024-07-13,23.2,18.1,26.9,0.0,Clear,synthetic
2024-07-14,23.7,18.9,28.2,0.0,Clear,synthetic
2024-07-15,20.1,15.3,24.3,0.0,Cloudy,synthetic
2024-07-16,23.0,17.9,25.7,1.9,Light Rain/Snow,synthetic
2024-07-17,22.6,17.9,26.7,0.0,Cloudy,synthetic
2024-07-18,19.2,14.8,24.1,14.7,Heavy Rain/Snow,synthetic
2024-07-19,23.3,20.5,27.2,0.0,Clear,synthetic
2024-07-20,23.8,21.2,26.5,0.0,Clear,synthetic
2024-07-21,25.2,20.0,30.1,1.4,Clear,synthetic
2024-07-22,25.1,20.7,28.2,4.3,Light Rain/Snow,synthetic
2024-07-23,18.2,13.3,21.5,5.1,Light Rain/Snow,synthetic
2024-07-24,19.3,15.4,22.3,0.0,Cloudy,synthetic
2024-07-25,23.3,20.5,26.8,0.0,Clear,synthetic
2024-07-26,23.2,20.3,28.0,0.0,Clear,synthetic
2024-07-27,23.1,18.6,27.2,0.0,Cloudy,synthetic
2024-07-28,32.4,28.6,35.5,0.0,Clear,synthetic
2024-07-29,23.1,20.0,28.2,0.0,Clear,synthetic
2024-07-30,24.5,20.6,29.7,0.0,Clear,synthetic
2024-07-31,23.9,21.2,29.0,0.0,Cloudy,synthetic
2024-08-01,23.0,18.7,26.2,0.0,Clear,synthetic
2024-08-02,20.1,16.8,24.0,5.7,Light Rain/Snow,synthetic
2024-08-03,23.0,18.1,28.5,0.0,Cloudy,synthetic
2024-08-04,18.6,15.2,23.4,0.0,Cloudy,synthetic
2024-08-05,20.0,16.1,22.6,20.8,Heavy Rain/Snow,synthetic
2024-08-06,19.2,16.6,21.9,0.0,Clear,synthetic
2024-08-07,20.6,17.9,24.5,1.9,Light Rain/Snow,synthetic
2024-08-08,26.7,23.1,32.0,0.4,Clear,synthetic
2024-08-09,14.9,10.9,19.0,0.0,Cloudy,synthetic
2024-08-10,21.9,17.6,25.9,1.4,Clear,synthetic
2024-08-11,15.3,11.9,18.1,0.0,Clear,synthetic
2024-08-12,18.4,13.8,22.8,0.0,Clear,synthetic
2024-08-13,22.6,17.5,27.5,12.3,Heavy Rain/Snow,synthetic
2024-08-14,19.5,14.7,23.2,0.0,Clear,synthetic
2024-08-15,16.2,13.6,21.0,2.1,Light Rain/Snow,synthetic
2024-08-16,17.1,13.1,22.4,0.0,Clear,synthetic
2024-08-17,20.8,18.0,23.9,0.0,Clear,synthetic
2024-08-18,16.7,13.5,20.8,0.4,Cloudy,synthetic
2024-08-19,19.2,13.7,22.5,0.8,Cloudy,synthetic
2024-08-20,18.5,15.6,23.4,0.0,Clear,synthetic
2024-08-21,16.4,12.4,20.6,0.0,Clear,synthetic
2024-08-22,24.0,19.7,28.4,15.5,Heavy Rain/Snow,synthetic
2024-08-23,19.6,15.0,24.5,0.0,Clear,synthetic
2024-08-24,12.0,7.8,15.7,0.0,Cloudy,synthetic
2024-08-25,18.0,15.5,23.3,0.0,Cloudy,synthetic
2024-08-26,15.5,12.0,19.6,0.0,Clear,synthetic
2024-08-27,19.5,15.5,22.5,0.0,Cloudy,synthetic
2024-08-28,14.7,12.0,19.3,0.0,Clear,synthetic
2024-08-29,16.4,12.9,21.3,0.0,Cloudy,synthetic
2024-08-30,18.0,15.4,21.4,0.0,Clear,synthetic
2024-08-31,18.8,16.1,23.9,10.6,Heavy Rain/Snow,synthetic
2024-09-01,12.8,9.1,18.0,0.0,Clear,synthetic
2024-09-02,15.0,12.1,18.4,0.0,Cloudy,synthetic
2024-09-03,14.4,10.2,19.9,0.0,Clear,synthetic
2024-09-04,13.7,9.2,16.7,0.0,Cloudy,synthetic
2024-09-05,20.3,15.4,23.4,0.0,Clear,synthetic
2024-09-06,16.3,13.2,19.4,0.0,Clear,synthetic
2024-09-07,11.4,8.4,16.6,0.0,Clear,synthetic
2024-09-08,17.3,14.5,21.8,0.0,Clear,synthetic
2024-09-09,20.5,16.1,23.4,9.7,Heavy Rain/Snow,synthetic
2024-09-10,17.2,12.6,21.0,0.0,Clear,synthetic
2024-09-11,9.9,7.3,14.2,0.0,Cloudy,synthetic
2024-09-12,12.6,7.2,15.3,1.7,Light Rain/Snow,synthetic
2024-09-13,17.2,14.6,22.4,0.0,Cloudy,synthetic
2024-09-14,11.5,7.4,16.4,0.0,Clear,synthetic
2024-09-15,14.5,9.9,18.5,0.0,Clear,synthetic
2024-09-16,15.2,10.1,20.6,0.9,Clear,synthetic
2024-09-17,10.2,5.6,14.0,1.9,Light Rain/Snow,synthetic
2024-09-18,12.4,7.5,17.9,0.0,Clear,synthetic
2024-09-19,3.3,-0.2,7.8,8.0,Light Rain/Snow,synthetic
2024-09-20,9.3,4.4,13.7,0.0,Clear,synthetic
2024-09-21,11.2,8.5,14.2,0.0,Clear,synthetic
2024-09-22,8.2,3.1,13.4,3.4,Light Rain/Snow,synthetic
2024-09-23,16.1,11.9,19.9,0.0,Clear,synthetic
2024-09-24,7.3,2.3,10.3,0.0,Clear,synthetic
2024-09-25,9.8,6.0,12.4,0.0,Clear,synthetic
2024-09-26,11.2,6.8,15.4,0.0,Cloudy,synthetic
2024-09-27,14.7,10.6,18.7,0.0,Cloudy,synthetic
2024-09-28,6.4,1.7,11.0,0.0,Cloudy,synthetic
2024-09-29,13.4,10.7,18.6,0.0,Cloudy,synthetic
2024-09-30,10.0,7.3,12.7,0.0,Cloudy,synthetic
2024-10-01,7.0,3.7,11.7,0.0,Clear,synthetic
2024-10-02,10.8,7.8,13.9,0.0,Clear,synthetic
2024-10-03,9.8,4.7,14.9,0.0,Clear,synthetic
2024-10-04,7.4,4.2,12.3,0.0,Clear,synthetic
2024-10-05,9.0,3.6,13.1,12.1,Heavy Rain/Snow,synthetic
2024-10-06,7.5,4.0,12.2,0.0,Cloudy,synthetic
2024-10-07,8.7,5.7,12.1,3.8,Light Rain/Snow,synthetic
2024-10-08,10.0,5.1,13.9,0.0,Cloudy,synthetic
2024-10-09,12.4,7.9,17.3,0.0,Cloudy,synthetic
2024-10-10,4.3,0.3,8.1,0.0,Clear,synthetic
2024-10-11,13.5,9.3,17.0,0.0,Cloudy,synthetic
2024-10-12,1.8,-2.8,5.8,0.0,Cloudy,synthetic
2024-10-13,6.6,3.5,11.6,0.0,Clear,synthetic
2024-10-14,8.5,3.0,12.0,0.0,Clear,synthetic
2024-10-15,7.4,2.0,10.4,0.0,Cloudy,synthetic
2024-10-16,4.7,0.2,9.3,0.0,Clear,synthetic
2024-10-17,5.6,2.5,10.6,0.0,Clear,synthetic
2024-10-18,4.6,0.1,7.4,0.6,Clear,synthetic
2024-10-19,4.1,1.4,7.3,0.0,Clear,synthetic
2024-10-20,7.9,5.3,10.9,0.0,Cloudy,synthetic
2024-10-21,6.3,3.1,9.9,0.0,Cloudy,synthetic
2024-10-22,3.2,-0.7,7.1,4.1,Light Rain/Snow,synthetic
2024-10-23,7.5,2.3,12.2,0.0,Clear,synthetic
2024-10-24,5.6,0.9,10.0,0.1,Clear,synthetic
2024-10-25,6.8,2.1,11.2,0.0,Clear,synthetic
2024-10-26,6.1,2.3,9.6,0.0,Clear,synthetic
2024-10-27,1.8,-1.7,6.8,0.0,Clear,synthetic
2024-10-28,2.4,-1.3,6.3,0.9,Clear,synthetic
2024-10-29,5.8,0.4,11.3,0.0,Clear,synthetic
2024-10-30,5.2,2.6,9.6,0.0,Clear,synthetic
2024-10-31,3.3,-1.8,6.2,0.0,Cloudy,synthetic
2024-11-01,3.5,-0.8,8.0,0.0,Clear,synthetic
2024-11-02,6.5,2.7,10.0,18.5,Heavy Rain/Snow,synthetic
2024-11-03,1.1,-3.6,5.7,0.0,Cloudy,synthetic
2024-11-04,4.1,0.2,6.8,0.0,Cloudy,synthetic
2024-11-05,1.8,-3.3,4.9,0.0,Clear,synthetic
2024-11-06,1.6,-3.6,6.7,1.9,Light Rain/Snow,synthetic
2024-11-07,5.1,1.4,8.3,0.0,Cloudy,synthetic
2024-11-08,4.2,0.9,9.2,0.0,Cloudy,synthetic
2024-11-09,4.0,-0.3,7.3,0.0,Cloudy,synthetic
2024-11-10,5.2,-0.1,9.6,2.8,Light Rain/Snow,synthetic
2024-11-11,1.4,-1.7,6.0,0.0,Clear,synthetic
2024-11-12,3.1,-1.3,7.1,4.3,Light Rain/Snow,synthetic
2024-11-13,0.2,-4.2,3.6,0.0,Clear,synthetic
2024-11-14,1.8,-2.9,4.9,3.9,Light Rain/Snow,synthetic
2024-11-15,0.3,-2.5,2.9,0.0,Clear,synthetic
2024-11-16,0.8,-3.8,4.2,0.0,Cloudy,synthetic
2024-11-17,2.1,-3.2,6.5,0.0,Clear,synthetic
2024-11-18,-2.0,-5.1,3.3,2.9,Light Rain/Snow,synthetic
2024-11-19,6.0,2.8,11.1,0.0,Clear,synthetic
2024-11-20,-2.9,-8.3,1.9,0.0,Cloudy,synthetic
2024-11-21,-3.6,-6.6,1.3,0.0,Clear,synthetic
2024-11-22,2.9,-2.1,7.4,0.0,Cloudy,synthetic
2024-11-23,1.8,-2.2,5.0,1.1,Clear,synthetic
2024-11-24,1.2,-2.1,6.4,0.0,Clear,synthetic
2024-11-25,1.0,-4.1,5.6,2.8,Light Rain/Snow,synthetic
2024-11-26,-0.9,-4.7,3.3,0.0,Clear,synthetic
2024-11-27,-3.5,-7.5,-0.6,8.3,Heavy Rain/Snow,synthetic
2024-11-28,-0.9,-4.4,3.0,0.0,Cloudy,synthetic
2024-11-29,-3.1,-7.4,0.8,0.0,Clear,synthetic
2024-11-30,1.4,-1.6,6.5,0.0,Clear,synthetic
2024-12-01,-1.8,-5.5,2.3,0.0,Clear,synthetic
2024-12-02,-3.8,-9.2,-0.2,0.0,Clear,synthetic
2024-12-03,-2.5,-5.8,2.9,0.0,Cloudy,synthetic
2024-12-04,-0.6,-5.0,2.3,1.6,Light Rain/Snow,synthetic
2024-12-05,-3.4,-6.9,0.4,0.0,Cloudy,synthetic
2024-12-06,-4.2,-9.0,-1.6,0.6,Clear,synthetic
2024-12-07,-1.3,-4.2,3.4,0.0,Clear,synthetic
2024-12-08,-1.4,-6.8,3.9,0.0,Clear,synthetic
2024-12-09,-3.6,-7.4,-0.2,0.0,Cloudy,synthetic
2024-12-10,-3.6,-6.8,1.5,0.1,Clear,synthetic
2024-12-11,-1.7,-4.4,1.7,0.0,Cloudy,synthetic
2024-12-12,-6.4,-9.4,-1.2,0.0,Clear,synthetic
2024-12-13,-6.4,-10.4,-1.6,0.0,Clear,synthetic
2024-12-14,-4.5,-8.0,0.4,0.0,Clear,synthetic
2024-12-15,-3.2,-8.2,-0.6,0.0,Cloudy,synthetic
2024-12-16,-1.8,-5.5,3.6,3.7,Light Rain/Snow,synthetic
2024-12-17,1.5,-1.8,6.1,0.0,Clear,synthetic
2024-12-18,-0.3,-4.7,3.1,0.0,Cloudy,synthetic
2024-12-19,-3.2,-7.8,1.8,2.4,Light Rain/Snow,synthetic
2024-12-20,-2.9,-5.9,0.5,0.6,Cloudy,synthetic
2024-12-21,-5.7,-8.7,-0.5,4.3,Light Rain/Snow,synthetic
2024-12-22,-2.9,-5.5,-0.1,0.0,Clear,synthetic
2024-12-23,-3.7,-8.4,0.9,0.0,Clear,synthetic
2024-12-24,-2.0,-6.5,2.1,0.4,Cloudy,synthetic
2024-12-25,-5.3,-9.2,-2.5,0.0,Clear,synthetic
2024-12-26,-1.5,-6.5,1.7,3.6,Light Rain/Snow,synthetic
2024-12-27,1.3,-3.6,3.8,0.0,Clear,synthetic
2024-12-28,-3.3,-7.6,0.6,8.1,Heavy Rain/Snow,synthetic
2024-12-29,-1.9,-7.0,1.5,0.0,Clear,synthetic
2024-12-30,-1.1,-4.2,3.2,0.0,Cloudy,synthetic
2024-12-31,-4.1,-7.0,-0.7,0.0,Clear,synthetic
2025-01-01,-2.4,-5.7,1.0,0.0,Cloudy,synthetic
2025-01-02,-3.0,-5.6,1.8,0.0,Cloudy,synthetic
2025-01-03,-2.7,-6.8,-0.1,0.0,Cloudy,synthetic
2025-01-04,-5.1,-10.4,0.1,2.4,Light Rain/Snow,synthetic
2025-01-05,-2.9,-5.5,2.2,5.1,Light Rain/Snow,synthetic
2025-01-06,-1.5,-4.4,3.0,0.0,Clear,synthetic
2025-01-07,1.2,-2.7,5.4,0.3,Cloudy,synthetic
2025-01-08,-0.2,-5.5,5.0,2.3,Light Rain/Snow,synthetic
2025-01-09,3.2,-0.3,6.2,0.0,Cloudy,synthetic
2025-01-10,-5.0,-9.0,-2.2,0.0,Cloudy,synthetic
2025-01-11,-0.3,-2.9,2.9,0.0,Clear,synthetic
2025-01-12,-2.2,-5.2,2.7,0.2,Clear,synthetic
2025-01-13,3.5,-2.0,6.1,2.4,Light Rain/Snow,synthetic
2025-01-14,-4.9,-10.3,-0.6,0.0,Cloudy,synthetic
2025-01-15,-4.9,-7.4,0.6,9.5,Heavy Rain/Snow,synthetic
2025-01-16,-4.2,-9.5,0.9,3.7,Light Rain/Snow,synthetic
2025-01-17,-8.4,-12.8,-4.3,0.0,Clear,synthetic
2025-01-18,-3.9,-9.0,-1.2,0.0,Clear,synthetic
2025-01-19,-4.4,-8.3,0.6,0.0,Clear,synthetic
2025-01-20,-1.8,-5.9,2.5,14.3,Heavy Rain/Snow,synthetic
2025-01-21,-1.2,-5.2,1.6,1.1,Cloudy,synthetic
2025-01-22,3.2,-1.3,6.0,0.0,Clear,synthetic
2025-01-23,0.7,-2.3,5.9,12.3,Heavy Rain/Snow,synthetic
2025-01-24,-3.5,-6.1,1.0,0.0,Clear,synthetic
2025-01-25,-4.3,-7.8,0.7,0.0,Clear,synthetic
2025-01-26,-0.3,-5.0,4.8,0.0,Cloudy,synthetic
2025-01-27,-5.3,-8.4,-1.1,0.0,Clear,synthetic
2025-01-28,3.6,-0.9,7.7,6.3,Light Rain/Snow,synthetic
2025-01-29,1.9,-3.5,5.7,0.0,Clear,synthetic
2025-01-30,-2.6,-5.4,0.8,0.0,Clear,synthetic
2025-01-31,-6.0,-10.5,-2.2,0.0,Cloudy,synthetic
2025-02-01,2.7,-1.1,7.5,5.9,Light Rain/Snow,synthetic
2025-02-02,-1.3,-6.4,3.0,7.8,Light Rain/Snow,synthetic
2025-02-03,2.6,-0.4,7.8,0.0,Cloudy,synthetic
2025-02-04,-5.2,-9.8,-1.3,0.0,Clear,synthetic
2025-02-05,-2.3,-7.3,2.1,0.0,Clear,synthetic
2025-02-06,-0.4,-5.8,4.0,8.4,Heavy Rain/Snow,synthetic
2025-02-07,-0.2,-4.7,4.1,0.0,Cloudy,synthetic
2025-02-08,-1.4,-5.4,3.2,0.0,Clear,synthetic
2025-02-09,1.7,-2.6,4.9,0.0,Cloudy,synthetic
2025-02-10,-2.9,-8.0,1.2,0.0,Clear,synthetic
2025-02-11,-0.1,-4.4,2.7,8.4,Heavy Rain/Snow,synthetic
2025-02-12,0.7,-1.9,4.4,0.0,Clear,synthetic
2025-02-13,2.0,-3.3,6.0,3.2,Light Rain/Snow,synthetic
2025-02-14,2.7,-1.9,7.2,0.0,Clear,synthetic
2025-02-15,-2.3,-6.8,3.1,0.0,Clear,synthetic
2025-02-16,-3.3,-6.4,1.0,0.0,Cloudy,synthetic
2025-02-17,4.8,0.3,9.5,0.0,Clear,synthetic
2025-02-18,2.3,-1.4,6.3,1.4,Cloudy,synthetic
2025-02-19,-0.6,-5.0,3.8,0.0,Clear,synthetic
2025-02-20,6.0,3.2,8.8,0.0,Clear,synthetic
2025-02-21,2.2,-2.3,5.5,15.2,Heavy Rain/Snow,synthetic
2025-02-22,5.3,-0.2,8.9,2.3,Light Rain/Snow,synthetic
2025-02-23,2.4,-0.2,6.3,0.0,Clear,synthetic
2025-02-24,8.2,2.7,10.8,1.9,Light Rain/Snow,synthetic
2025-02-25,7.5,3.8,10.4,0.0,Cloudy,synthetic
2025-02-26,2.1,-3.0,5.4,0.0,Clear,synthetic
2025-02-27,5.7,0.8,11.1,0.0,Cloudy,synthetic
2025-02-28,5.0,0.8,8.4,2.3,Light Rain/Snow,synthetic
2025-03-01,7.2,2.5,11.1,0.0,Cloudy,synthetic
2025-03-02,0.8,-4.3,3.9,0.0,Clear,synthetic
2025-03-03,5.6,1.9,10.0,20.9,Heavy Rain/Snow,synthetic
2025-03-04,6.9,3.4,10.2,0.0,Clear,synthetic
2025-03-05,-0.8,-5.3,2.3,0.0,Clear,synthetic
2025-03-06,1.0,-3.9,5.1,0.0,Cloudy,synthetic
2025-03-07,-1.2,-6.0,1.3,5.2,Light Rain/Snow,synthetic
2025-03-08,4.0,-0.9,6.5,0.0,Cloudy,synthetic
2025-03-09,6.9,3.1,10.1,12.6,Heavy Rain/Snow,synthetic
2025-03-10,9.3,4.4,12.0,0.9,Clear,synthetic
2025-03-11,5.6,2.7,8.4,0.0,Clear,synthetic
2025-03-12,10.1,6.0,13.6,0.0,Cloudy,synthetic
2025-03-13,1.9,-0.6,6.8,1.7,Light Rain/Snow,synthetic
2025-03-14,1.2,-2.3,5.4,3.6,Light Rain/Snow,synthetic
2025-03-15,6.0,2.4,10.1,2.4,Light Rain/Snow,synthetic
2025-03-16,7.5,3.8,10.9,0.8,Clear,synthetic
2025-03-17,6.5,1.9,11.8,0.8,Clear,synthetic
2025-03-18,1.1,-2.6,4.7,2.4,Light Rain/Snow,synthetic
2025-03-19,6.8,3.0,9.6,0.0,Clear,synthetic
2025-03-20,3.6,0.4,8.0,0.0,Clear,synthetic
2025-03-21,9.4,5.8,12.2,0.0,Clear,synthetic
2025-03-22,8.7,5.6,12.3,0.0,Clear,synthetic
2025-03-23,5.3,2.6,9.3,0.5,Clear,synthetic
2025-03-24,6.7,2.4,11.8,0.0,Cloudy,synthetic
2025-03-25,5.4,0.9,9.4,0.0,Clear,synthetic
2025-03-26,8.4,4.1,13.0,0.0,Clear,synthetic
2025-03-27,11.5,7.6,17.0,0.0,Clear,synthetic
2025-03-28,6.3,2.7,9.2,0.0,Cloudy,synthetic
2025-03-29,10.7,5.6,14.0,0.0,Clear,synthetic
2025-03-30,8.0,4.0,11.7,8.1,Heavy Rain/Snow,synthetic
2025-03-31,7.5,3.6,11.3,0.0,Clear,synthetic
2025-04-01,9.6,7.1,13.4,0.0,Cloudy,synthetic
2025-04-02,7.3,3.7,12.5,0.0,Clear,synthetic
2025-04-03,8.8,5.2,13.5,0.0,Clear,synthetic
2025-04-04,7.3,3.6,11.6,11.7,Heavy Rain/Snow,synthetic
2025-04-05,16.3,12.1,19.8,0.0,Cloudy,synthetic
2025-04-06,11.2,7.1,16.1,0.0,Clear,synthetic
2025-04-07,9.3,5.0,14.7,0.0,Clear,synthetic
2025-04-08,12.1,7.3,17.1,0.0,Clear,synthetic
2025-04-09,11.4,6.5,13.9,2.2,Light Rain/Snow,synthetic
2025-04-10,11.3,6.7,15.7,0.0,Cloudy,synthetic
2025-04-11,13.9,8.5,16.5,0.0,Cloudy,synthetic
2025-04-12,14.5,12.0,17.8,0.0,Clear,synthetic
2025-04-13,11.1,8.0,13.8,0.0,Cloudy,synthetic
2025-04-14,11.2,8.7,15.5,0.0,Clear,synthetic
2025-04-15,12.3,7.8,16.8,0.0,Cloudy,synthetic
2025-04-16,6.8,1.6,9.7,4.0,Light Rain/Snow,synthetic
2025-04-17,9.2,6.0,12.9,0.0,Cloudy,synthetic
2025-04-18,17.5,12.2,21.4,0.0,Cloudy,synthetic
2025-04-19,18.5,15.8,22.1,0.0,Clear,synthetic
2025-04-20,13.4,8.1,16.3,0.0,Clear,synthetic
2025-04-21,15.9,12.4,19.7,0.0,Cloudy,synthetic
2025-04-22,15.4,12.6,20.2,1.4,Cloudy,synthetic
2025-04-23,23.4,19.4,26.1,0.0,Cloudy,synthetic
2025-04-24,18.1,14.8,20.8,2.1,Light Rain/Snow,synthetic
2025-04-25,14.8,11.5,18.4,0.0,Clear,synthetic
2025-04-26,12.7,9.3,18.0,0.2,Clear,synthetic
2025-04-27,11.1,6.2,15.6,0.0,Clear,synthetic
2025-04-28,16.3,12.2,20.9,0.0,Clear,synthetic
2025-04-29,13.9,10.4,17.4,7.4,Light Rain/Snow,synthetic
2025-04-30,12.2,7.9,16.5,0.0,Clear,synthetic
2025-05-01,14.6,9.9,17.1,0.0,Cloudy,synthetic
2025-05-02,13.5,10.2,17.9,7.6,Light Rain/Snow,synthetic
2025-05-03,21.5,17.7,26.7,0.0,Clear,synthetic
2025-05-04,19.4,16.5,23.8,0.0,Cloudy,synthetic
2025-05-05,17.1,14.1,22.2,0.0,Cloudy,synthetic
2025-05-06,21.5,16.9,26.1,1.9,Light Rain/Snow,synthetic
2025-05-07,17.7,14.7,20.6,9.2,Heavy Rain/Snow,synthetic
2025-05-08,15.3,11.2,20.5,0.4,Clear,synthetic
2025-05-09,22.1,17.5,24.8,1.1,Clear,synthetic
2025-05-10,19.6,16.7,23.7,6.3,Light Rain/Snow,synthetic
2025-05-11,15.3,11.1,18.2,0.0,Clear,synthetic
2025-05-12,17.9,14.6,20.4,0.0,Clear,synthetic
2025-05-13,16.1,10.7,19.9,0.0,Clear,synthetic
2025-05-14,14.9,10.9,18.2,0.0,Cloudy,synthetic
2025-05-15,21.5,16.6,25.4,2.3,Light Rain/Snow,synthetic
2025-05-16,24.4,20.2,28.6,3.4,Light Rain/Snow,synthetic
2025-05-17,15.3,12.7,17.9,0.0,Clear,synthetic
2025-05-18,20.9,16.5,23.8,3.8,Light Rain/Snow,synthetic
2025-05-19,17.7,12.3,21.9,0.0,Clear,synthetic
2025-05-20,18.3,14.0,21.8,0.0,Clear,synthetic
2025-05-21,18.2,13.2,22.9,0.0,Clear,synthetic
2025-05-22,17.5,12.4,22.0,0.0,Cloudy,synthetic
2025-05-23,20.2,17.1,25.3,0.0,Clear,synthetic
2025-05-24,17.9,14.8,22.5,0.0,Clear,synthetic
2025-05-25,21.1,16.8,24.9,0.0,Cloudy,synthetic
2025-05-26,20.4,16.6,24.9,0.0,Clear,synthetic
2025-05-27,20.0,15.0,23.3,0.0,Clear,synthetic
2025-05-28,18.2,13.0,21.7,0.0,Clear,synthetic
2025-05-29,19.3,15.7,24.1,0.0,Clear,synthetic
2025-05-30,23.1,19.9,27.0,0.0,Cloudy,synthetic
2025-05-31,22.5,17.7,27.4,0.0,Cloudy,synthetic
2025-06-01,18.5,15.2,23.5,0.0,Cloudy,synthetic
2025-06-02,21.6,16.7,26.7,1.4,Clear,synthetic
2025-06-03,23.6,19.8,28.8,0.0,Cloudy,synthetic
2025-06-04,16.9,12.4,20.7,0.0,Cloudy,synthetic
2025-06-05,23.2,20.4,26.6,0.0,Clear,synthetic
2025-06-06,19.9,15.5,24.2,1.2,Clear,synthetic
2025-06-07,23.5,19.6,27.1,0.0,Clear,synthetic
2025-06-08,19.8,15.6,24.1,0.0,Cloudy,synthetic
2025-06-09,17.0,14.0,21.6,0.0,Cloudy,synthetic
2025-06-10,17.6,12.9,22.1,0.0,Cloudy,synthetic
2025-06-11,22.3,17.2,26.0,0.0,Clear,synthetic
2025-06-12,23.0,19.9,26.0,0.0,Clear,synthetic
2025-06-13,19.8,17.0,23.6,0.0,Clear,synthetic
2025-06-14,24.2,21.6,27.1,0.8,Cloudy,synthetic
2025-06-15,17.8,13.4,23.0,0.0,Clear,synthetic
2025-06-16,22.4,18.0,25.9,2.0,Light Rain/Snow,synthetic
2025-06-17,19.2,15.1,22.2,0.0,Cloudy,synthetic
2025-06-18,20.8,17.6,23.4,1.4,Cloudy,synthetic
2025-06-19,22.8,19.2,27.3,0.4,Clear,synthetic
2025-06-20,20.3,16.1,24.7,22.1,Heavy Rain/Snow,synthetic
2025-06-21,21.7,17.7,25.2,0.8,Clear,synthetic
2025-06-22,25.6,20.2,28.4,0.0,Cloudy,synthetic
2025-06-23,21.2,18.3,25.0,0.0,Cloudy,synthetic
2025-06-24,25.2,20.6,28.7,0.0,Clear,synthetic
2025-06-25,19.8,16.0,24.3,4.8,Light Rain/Snow,synthetic
2025-06-26,24.4,20.6,28.7,3.9,Light Rain/Snow,synthetic
2025-06-27,27.0,22.3,30.6,9.0,Heavy Rain/Snow,synthetic
2025-06-28,16.1,11.5,19.2,1.5,Light Rain/Snow,synthetic
2025-06-29,20.8,15.3,26.2,0.0,Cloudy,synthetic
2025-06-30,24.6,21.7,28.5,4.3,Light Rain/Snow,synthetic
2025-07-01,22.4,19.6,27.0,0.0,Cloudy,synthetic
2025-07-02,24.0,19.4,27.0,2.5,Light Rain/Snow,synthetic
2025-07-03,21.3,17.1,25.3,1.8,Light Rain/Snow,synthetic
2025-07-04,23.2,19.9,25.8,0.0,Cloudy,synthetic
2025-07-05,22.5,19.8,26.6,0.0,Cloudy,synthetic
2025-07-06,26.2,23.5,31.6,1.0,Cloudy,synthetic
2025-07-07,23.7,18.5,27.3,12.3,Heavy Rain/Snow,synthetic
2025-07-08,23.9,20.8,26.5,0.0,Clear,synthetic
2025-07-09,21.7,18.3,24.3,7.8,Light Rain/Snow,synthetic
2025-07-10,21.5,18.3,25.2,3.7,Light Rain/Snow,synthetic
2025-07-11,21.6,18.1,24.6,0.0,Cloudy,synthetic
2025-07-12,23.9,21.2,26.5,0.0,Clear,synthetic
2025-07-13,21.6,17.5,26.3,0.0,Clear,synthetic
2025-07-14,23.5,20.8,27.4,0.0,Clear,synthetic
2025-07-15,28.5,23.6,31.8,0.0,Clear,synthetic
2025-07-16,25.0,21.8,30.2,0.0,Clear,synthetic
2025-07-17,21.6,17.5,24.5,0.0,Cloudy,synthetic
2025-07-18,25.8,20.7,31.2,0.0,Clear,synthetic
2025-07-19,21.3,16.8,24.7,6.5,Light Rain/Snow,synthetic
2025-07-20,16.6,12.5,21.8,0.0,Clear,synthetic
2025-07-21,19.5,16.0,23.8,0.0,Clear,synthetic
2025-07-22,17.0,13.5,21.9,0.0,Clear,synthetic
2025-07-23,21.1,16.6,26.6,0.0,Clear,synthetic
2025-07-24,22.1,16.6,25.5,0.0,Clear,synthetic
2025-07-25,26.6,22.2,32.0,5.0,Light Rain/Snow,synthetic
2025-07-26,22.8,18.6,26.4,0.0,Cloudy,synthetic
2025-07-27,21.2,16.5,24.8,1.8,Light Rain/Snow,synthetic
2025-07-28,24.0,20.1,27.5,0.0,Clear,synthetic
2025-07-29,15.4,12.7,19.5,4.1,Light Rain/Snow,synthetic
2025-07-30,22.1,17.9,25.1,0.0,Clear,synthetic
2025-07-31,23.5,18.1,27.7,5.2,Light Rain/Snow,synthetic
2025-08-01,17.1,14.1,21.2,0.0,Clear,synthetic
2025-08-02,24.3,19.8,29.1,0.0,Cloudy,synthetic
2025-08-03,22.0,18.9,27.0,1.5,Clear,synthetic
2025-08-04,19.7,15.6,23.6,0.0,Cloudy,synthetic
2025-08-05,22.5,19.8,26.0,0.0,Cloudy,synthetic
2025-08-06,27.0,23.2,30.3,5.3,Light Rain/Snow,synthetic
2025-08-07,21.0,16.3,24.1,0.0,Clear,synthetic
2025-08-08,21.1,17.5,23.8,4.4,Light Rain/Snow,synthetic
2025-08-09,19.0,14.5,22.5,0.0,Cloudy,synthetic
2025-08-10,17.7,12.8,21.0,0.0,Clear,synthetic
2025-08-11,22.3,17.0,27.7,0.0,Cloudy,synthetic
2025-08-12,17.4,14.2,21.6,0.0,Clear,synthetic
2025-08-13,19.9,16.2,23.4,4.2,Light Rain/Snow,synthetic
2025-08-14,18.2,15.2,22.4,8.5,Heavy Rain/Snow,synthetic
2025-08-15,20.7,15.2,23.6,0.0,Cloudy,synthetic
2025-08-16,20.1,14.9,24.0,0.0,Cloudy,synthetic
2025-08-17,22.0,17.8,26.3,0.0,Cloudy,synthetic
2025-08-18,17.5,12.4,21.4,0.0,Cloudy,synthetic
2025-08-19,18.0,13.9,21.7,0.0,Cloudy,synthetic
2025-08-20,15.8,11.4,21.3,0.0,Cloudy,synthetic
2025-08-21,17.1,14.4,22.3,0.0,Clear,synthetic
2025-08-22,19.3,14.5,23.6,0.0,Cloudy,synthetic
2025-08-23,20.2,17.3,24.4,0.0,Clear,synthetic
2025-08-24,15.3,10.3,19.6,1.3,Cloudy,synthetic
2025-08-25,20.1,15.3,23.2,0.0,Clear,synthetic
2025-08-26,21.3,16.7,25.0,0.0,Clear,synthetic
2025-08-27,18.5,15.9,21.1,0.0,Clear,synthetic
2025-08-28,22.4,19.0,26.3,3.6,Light Rain/Snow,synthetic
2025-08-29,14.8,11.5,18.9,0.0,Cloudy,synthetic
2025-08-30,13.3,9.7,16.5,0.0,Cloudy,synthetic
2025-08-31,11.6,8.8,17.0,0.0,Clear,synthetic
2025-09-01,20.6,15.2,25.8,15.1,Heavy Rain/Snow,synthetic
2025-09-02,18.0,13.8,22.7,0.2,Cloudy,synthetic
2025-09-03,15.8,12.4,19.9,0.0,Cloudy,synthetic
2025-09-04,16.6,12.9,21.7,0.0,Cloudy,synthetic
2025-09-05,12.4,8.6,15.3,0.0,Cloudy,synthetic
2025-09-06,22.2,17.9,27.1,0.0,Cloudy,synthetic
2025-09-07,15.5,11.5,18.4,0.3,Clear,synthetic
2025-09-08,15.3,10.0,20.2,0.0,Cloudy,synthetic
2025-09-09,16.8,12.8,20.1,4.1,Light Rain/Snow,synthetic
2025-09-10,15.9,10.4,21.0,0.0,Clear,synthetic
2025-09-11,15.0,9.9,20.3,0.0,Cloudy,synthetic
2025-09-12,11.9,8.8,14.9,0.0,Cloudy,synthetic
2025-09-13,15.2,9.9,19.1,0.0,Clear,synthetic
2025-09-14,19.0,16.1,24.4,0.0,Cloudy,synthetic
2025-09-15,17.2,12.3,21.2,0.0,Clear,synthetic
2025-09-16,17.7,14.1,22.8,3.4,Light Rain/Snow,synthetic
2025-09-17,11.6,6.5,15.9,0.0,Clear,synthetic
2025-09-18,10.1,5.0,13.7,0.0,Cloudy,synthetic
2025-09-19,12.3,7.3,15.6,7.1,Light Rain/Snow,synthetic
2025-09-20,12.5,7.7,15.7,0.0,Clear,synthetic
2025-09-21,15.2,11.8,20.0,0.0,Cloudy,synthetic
2025-09-22,7.2,4.5,10.9,0.0,Clear,synthetic
2025-09-23,16.0,12.3,20.0,0.0,Cloudy,synthetic
2025-09-24,11.1,8.0,15.0,0.0,Clear,synthetic
2025-09-25,10.1,5.5,14.3,1.4,Cloudy,synthetic
2025-09-26,8.2,4.7,13.3,1.1,Clear,synthetic
2025-09-27,6.2,0.8,11.6,0.0,Clear,synthetic
2025-09-28,12.9,8.5,16.6,0.0,Clear,synthetic
2025-09-29,10.6,5.6,15.6,4.1,Light Rain/Snow,synthetic
2025-09-30,6.6,3.7,11.3,0.0,Clear,synthetic
2025-10-01,6.3,1.2,10.5,0.0,Clear,synthetic
2025-10-02,8.8,3.5,14.1,0.0,Clear,synthetic
2025-10-03,14.2,10.2,17.3,4.9,Light Rain/Snow,synthetic
2025-10-04,8.5,4.2,11.4,0.0,Cloudy,synthetic
2025-10-05,4.8,0.0,9.9,0.0,Cloudy,synthetic
2025-10-06,8.1,5.1,12.0,0.0,Cloudy,synthetic
2025-10-07,7.8,3.8,12.9,0.0,Cloudy,synthetic
2025-10-08,0.8,-2.9,6.0,0.0,Cloudy,synthetic
2025-10-09,8.0,5.1,10.7,0.0,Clear,synthetic
2025-10-10,7.3,3.7,12.4,4.7,Light Rain/Snow,synthetic
2025-10-11,9.7,7.0,13.5,0.0,Cloudy,synthetic
2025-10-12,12.7,10.1,16.7,0.0,Clear,synthetic
2025-10-13,10.4,7.5,14.8,0.0,Cloudy,synthetic
2025-10-14,6.3,0.9,11.6,6.8,Light Rain/Snow,synthetic
2025-10-15,3.7,-0.4,6.3,0.6,Cloudy,synthetic
2025-10-16,13.8,8.4,17.8,0.0,Clear,synthetic
2025-10-17,6.6,2.8,11.1,0.0,Clear,synthetic
2025-10-18,6.2,2.8,10.9,0.0,Clear,synthetic
2025-10-19,5.9,1.9,10.5,0.0,Clear,synthetic
2025-10-20,6.3,2.5,9.2,0.0,Cloudy,synthetic
2025-10-21,5.2,2.3,8.6,0.0,Clear,synthetic
2025-10-22,3.7,-0.7,7.3,0.0,Cloudy,synthetic
2025-10-23,3.6,0.5,8.5,0.0,Cloudy,synthetic
2025-10-24,4.8,0.5,8.2,0.0,Clear,synthetic
2025-10-25,3.2,-1.2,6.3,3.3,Light Rain/Snow,synthetic
2025-10-26,2.5,-0.4,7.9,0.0,Cloudy,synthetic
2025-10-27,4.6,1.9,7.1,0.0,Cloudy,synthetic
2025-10-28,3.4,-1.4,8.9,2.2,Light Rain/Snow,synthetic
2025-10-29,8.1,4.3,12.7,4.2,Light Rain/Snow,synthetic
2025-10-30,-3.7,-6.4,1.3,0.0,Clear,synthetic
2025-10-31,6.6,1.1,10.0,1.2,Clear,synthetic
2025-11-01,6.8,4.2,9.4,0.4,Cloudy,synthetic
2025-11-02,-2.7,-7.2,2.1,0.0,Cloudy,synthetic
2025-11-03,2.0,-3.5,7.0,0.0,Cloudy,synthetic
2025-11-04,1.7,-1.5,6.5,0.0,Cloudy,synthetic
2025-11-05,-1.4,-4.3,1.6,19.7,Heavy Rain/Snow,synthetic
2025-11-06,0.2,-2.6,5.0,2.6,Light Rain/Snow,synthetic
2025-11-07,-0.9,-4.3,3.9,0.0,Clear,synthetic
2025-11-08,7.0,4.1,11.4,0.0,Cloudy,synthetic
2025-11-09,4.5,-0.1,9.3,0.0,Clear,synthetic
2025-11-10,5.3,2.6,10.3,0.0,Cloudy,synthetic
2025-11-11,3.5,-0.5,7.9,0.0,Clear,synthetic
2025-11-12,-1.8,-7.3,1.0,1.8,Light Rain/Snow,synthetic
2025-11-13,-0.3,-5.2,3.7,0.0,Cloudy,synthetic
2025-11-14,2.4,-1.9,5.1,2.3,Light Rain/Snow,synthetic
2025-11-15,-2.6,-6.0,1.2,0.0,Clear,synthetic
2025-11-16,2.7,-1.7,6.4,0.0,Cloudy,synthetic
2025-11-17,-0.1,-4.2,2.6,0.0,Clear,synthetic
2025-11-18,-0.6,-4.4,2.9,0.6,Cloudy,synthetic
2025-11-19,2.2,-0.6,5.1,4.5,Light Rain/Snow,synthetic
2025-11-20,1.3,-3.8,6.3,0.0,Cloudy,synthetic
2025-11-21,-1.0,-4.9,4.3,3.9,Light Rain/Snow,synthetic
2025-11-22,3.1,-0.0,5.8,0.0,Clear,synthetic
2025-11-23,-3.3,-6.9,2.0,5.4,Light Rain/Snow,synthetic
2025-11-24,1.3,-2.5,5.3,0.0,Clear,synthetic
2025-11-25,1.1,-3.9,4.5,0.0,Clear,synthetic
2025-11-26,-1.6,-6.3,1.2,0.0,Clear,synthetic
2025-11-27,0.1,-4.7,4.1,0.0,Clear,synthetic
2025-11-28,-4.5,-7.0,0.4,4.3,Light Rain/Snow,synthetic
2025-11-29,1.5,-2.2,6.1,0.9,Cloudy,synthetic
2025-11-30,-1.7,-5.7,0.9,0.0,Cloudy,synthetic
2025-12-01,-2.8,-5.3,-0.0,0.0,Cloudy,synthetic
2025-12-02,1.5,-1.8,5.2,0.0,Clear,synthetic
2025-12-03,-3.5,-8.3,-0.1,4.3,Light Rain/Snow,synthetic
2025-12-04,-5.6,-8.5,-2.4,8.5,Heavy Rain/Snow,synthetic
2025-12-05,-6.1,-10.2,-2.7,1.0,Cloudy,synthetic
2025-12-06,-0.1,-3.3,4.8,0.0,Cloudy,synthetic
2025-12-07,-5.5,-8.0,-0.2,14.9,Heavy Rain/Snow,synthetic
2025-12-08,2.9,-0.3,6.6,0.0,Clear,synthetic
2025-12-09,-7.9,-13.3,-2.7,2.9,Light Rain/Snow,synthetic
2025-12-10,2.6,-2.3,6.1,0.0,Clear,synthetic
2025-12-11,-1.6,-7.0,2.3,0.0,Cloudy,synthetic
2025-12-12,-2.6,-6.5,0.6,0.0,Cloudy,synthetic
2025-12-13,-3.9,-6.7,0.5,0.0,Cloudy,synthetic
2025-12-14,-1.3,-5.5,4.1,0.0,Cloudy,synthetic
2025-12-15,-2.6,-6.5,1.7,0.0,Cloudy,synthetic
2025-12-16,0.5,-4.5,4.1,0.0,Clear,synthetic
2025-12-17,-2.3,-5.1,2.1,0.0,Clear,synthetic
2025-12-18,-2.3,-6.2,0.6,0.0,Clear,synthetic
2025-12-19,-3.7,-6.7,1.4,7.7,Light Rain/Snow,synthetic
2025-12-20,-2.9,-6.4,1.1,0.0,Cloudy,synthetic
2025-12-21,-1.9,-6.7,1.9,3.1,Light Rain/Snow,synthetic
2025-12-22,-7.6,-11.6,-3.4,5.3,Light Rain/Snow,synthetic
2025-12-23,-6.7,-10.3,-2.3,0.0,Clear,synthetic
2025-12-24,-0.8,-4.5,1.9,0.0,Cloudy,synthetic
2025-12-25,-2.5,-6.3,2.1,0.0,Clear,synthetic
2025-12-26,-3.5,-8.3,-0.2,0.0,Clear,synthetic
2025-12-27,-2.9,-8.1,1.7,0.0,Cloudy,synthetic
2025-12-28,-2.0,-7.4,3.0,0.0,Cloudy,synthetic
2025-12-29,-4.5,-9.4,0.4,5.9,Light Rain/Snow,synthetic
2025-12-30,-5.2,-8.6,-1.0,2.0,Light Rain/Snow,synthetic
2025-12-31,-2.5,-7.0,1.6,0.0,Clear,synthetic
2026-01-01,-5.7,-9.6,-2.8,2.8,Light Rain/Snow,synthetic
2026-01-02,-1.8,-5.1,3.0,0.9,Cloudy,synthetic
2026-01-03,-7.7,-12.8,-4.4,0.0,Clear,synthetic
2026-01-04,-0.1,-2.7,3.9,0.0,Cloudy,synthetic
2026-01-05,-1.6,-6.8,1.7,0.0,Clear,synthetic
2026-01-06,-2.2,-6.1,0.7,0.0,Cloudy,synthetic
2026-01-07,-0.2,-4.6,4.2,0.0,Cloudy,synthetic
2026-01-08,1.8,-2.7,4.4,1.7,Light Rain/Snow,synthetic
2026-01-09,-0.0,-5.2,4.7,0.3,Clear,synthetic
2026-01-10,-8.0,-12.4,-4.5,0.0,Cloudy,synthetic
2026-01-11,-6.4,-10.7,-3.9,0.0,Cloudy,synthetic
2026-01-12,-4.5,-7.2,-0.4,0.0,Cloudy,synthetic
2026-01-13,-2.6,-6.7,0.0,5.1,Light Rain/Snow,synthetic
2026-01-14,-1.2,-4.1,2.2,0.0,Cloudy,synthetic
2026-01-15,-4.6,-9.3,0.0,0.0,Cloudy,synthetic
2026-01-16,-2.0,-6.0,0.7,0.0,Cloudy,synthetic
2026-01-17,-4.6,-9.1,0.5,0.0,Clear,synthetic
2026-01-18,-4.1,-6.7,-1.6,0.0,Cloudy,synthetic
2026-01-19,-6.2,-9.0,-3.0,0.0,Clear,synthetic
2026-01-20,-4.8,-9.5,-0.1,0.0,Cloudy,synthetic
2026-01-21,-5.9,-8.7,-2.5,0.0,Cloudy,synthetic
2026-01-22,-4.8,-7.5,-2.0,0.0,Clear,synthetic
2026-01-23,1.0,-1.6,4.5,0.0,Cloudy,synthetic
2026-01-24,-4.6,-9.9,-1.3,0.0,Clear,synthetic
2026-01-25,5.6,0.8,10.6,0.0,Cloudy,synthetic
2026-01-26,-0.3,-3.9,3.1,3.2,Light Rain/Snow,synthetic
2026-01-27,-1.1,-4.5,3.8,0.0,Clear,synthetic
2026-01-28,-3.9,-7.5,1.3,0.0,Clear,synthetic
2026-01-29,0.5,-4.3,4.3,0.0,Clear,synthetic
2026-01-30,-2.9,-7.4,2.3,0.0,Clear,synthetic
2026-01-31,-0.9,-3.9,2.8,0.0,Clear,synthetic
2026-02-01,6.1,3.1,11.5,2.3,Light Rain/Snow,synthetic
2026-02-02,-1.2,-4.0,1.5,0.0,Cloudy,synthetic
2026-02-03,2.4,-2.1,6.9,0.0,Cloudy,synthetic
2026-02-04,-2.7,-7.5,1.3,0.0,Clear,synthetic
2026-02-05,-0.7,-4.0,3.0,0.0,Cloudy,synthetic
2026-02-06,4.5,1.9,8.9,0.0,Cloudy,synthetic
2026-02-07,-2.1,-4.8,2.5,0.0,Clear,synthetic
2026-02-08,4.9,-0.5,7.4,4.7,Light Rain/Snow,synthetic
2026-02-09,1.9,-1.4,4.9,0.0,Cloudy,synthetic
2026-02-10,-1.5,-6.3,3.2,0.0,Clear,synthetic
2026-02-11,2.0,-2.4,6.5,0.0,Clear,synthetic
2026-02-12,3.1,-0.5,8.5,0.0,Clear,synthetic
2026-02-13,2.3,-0.8,7.1,0.0,Clear,synthetic
2026-02-14,-3.7,-6.6,1.7,0.7,Cloudy,synthetic
2026-02-15,-1.2,-5.5,3.4,0.0,Cloudy,synthetic
2026-02-16,0.3,-4.5,3.7,0.0,Clear,synthetic
2026-02-17,1.0,-3.4,3.8,0.0,Cloudy,synthetic
2026-02-18,3.1,-1.0,7.9,0.0,Clear,synthetic
2026-02-19,2.0,-0.6,6.5,1.9,Light Rain/Snow,synthetic
2026-02-20,-2.0,-7.4,0.6,0.6,Clear,synthetic
2026-02-21,2.9,-2.0,6.5,0.0,Clear,synthetic
2026-02-22,3.8,0.4,9.1,0.0,Cloudy,synthetic
2026-02-23,3.8,-1.6,7.8,6.0,Light Rain/Snow,synthetic
2026-02-24,5.4,1.1,9.2,0.0,Clear,synthetic
2026-02-25,4.9,0.7,8.8,0.0,Clear,synthetic
2026-02-26,4.1,-0.7,7.2,0.0,Clear,synthetic
2026-02-27,2.8,-2.2,6.4,0.0,Cloudy,synthetic
2026-02-28,-1.5,-6.0,2.1,9.2,Heavy Rain/Snow,synthetic
2026-03-01,4.5,1.7,7.2,3.9,Light Rain/Snow,synthetic
2026-03-02,4.1,0.6,8.9,0.0,Clear,synthetic
2026-03-03,4.5,-0.8,8.2,0.0,Clear,synthetic
2026-03-04,0.3,-2.8,5.3,0.0,Clear,synthetic
2026-03-05,1.1,-2.5,6.1,0.0,Clear,synthetic
2026-03-06,7.3,3.5,10.4,0.0,Cloudy,synthetic
2026-03-07,4.4,0.6,8.9,0.0,Clear,synthetic
2026-03-08,6.6,2.3,10.6,0.0,Clear,synthetic
2026-03-09,5.0,-0.3,10.2,0.0,Cloudy,synthetic
2026-03-10,5.2,2.0,8.4,0.0,Clear,synthetic
2026-03-11,8.0,5.1,12.5,0.7,Clear,synthetic
2026-03-12,4.1,1.0,8.4,0.0,Clear,synthetic
2026-03-13,6.0,0.9,9.4,4.1,Light Rain/Snow,synthetic
2026-03-14,4.7,0.3,7.6,0.0,Clear,synthetic
2026-03-15,5.0,1.6,9.4,0.0,Clear,synthetic
2026-03-16,5.5,0.6,10.3,0.0,Clear,synthetic
2026-03-17,7.2,2.2,10.7,0.0,Cloudy,synthetic
2026-03-18,5.5,0.5,9.9,7.9,Light Rain/Snow,synthetic
2026-03-19,10.6,5.3,14.3,0.4,Cloudy,synthetic
2026-03-20,4.8,1.5,9.4,0.0,Clear,synthetic
2026-03-21,7.0,2.2,10.1,4.5,Light Rain/Snow,synthetic
2026-03-22,6.5,2.6,11.7,0.0,Clear,synthetic
2026-03-23,12.0,7.0,15.4,0.0,Clear,synthetic
2026-03-24,8.7,4.0,12.3,0.0,Clear,synthetic
2026-03-25,11.3,6.4,13.9,0.0,Cloudy,synthetic
2026-03-26,4.4,-0.0,7.3,0.6,Clear,synthetic
2026-03-27,9.6,6.5,13.6,0.0,Cloudy,synthetic
2026-03-28,8.7,5.9,12.6,2.4,Light Rain/Snow,synthetic
2026-03-29,15.0,10.1,17.8,0.0,Clear,synthetic
2026-03-30,10.3,7.2,13.5,0.0,Clear,synthetic
2026-03-31,13.4,9.3,16.0,5.5,Light Rain/Snow,synthetic
2026-04-01,9.5,6.1,14.7,0.0,Clear,synthetic
2026-04-02,10.0,5.0,14.1,0.0,Clear,synthetic
2026-04-03,12.5,7.5,15.5,1.6,Light Rain/Snow,synthetic
2026-04-04,12.9,9.8,18.2,0.0,Cloudy,synthetic
2026-04-05,10.5,6.1,14.6,0.0,Clear,synthetic
2026-04-06,4.4,1.6,7.1,0.0,Clear,synthetic
2026-04-07,10.8,7.1,14.9,0.0,Clear,synthetic
2026-04-08,13.4,10.6,17.8,0.0,Clear,synthetic
2026-04-09,11.8,8.9,16.7,0.0,Clear,synthetic
2026-04-10,13.2,10.1,18.2,0.2,Cloudy,synthetic
